"Identifier","Code","Name_En","Name_Fr","Name_Es"
"5","AQUACULTURE","Aquaculture production","Production de l'aquaculture","Producción de acuicultura"
"1","FRESHWATER","Aquaculture production (freshwater)","Production de l'aquaculture (eau douce)","Producción de acuicultura (agua dulce)"
"2","BRACKISHWATER","Aquaculture production (brackishwater)","Production de l'aquaculture (eau saumâtre)","Producción de acuicultura (agua salobre)"
"3","MARINE","Aquaculture production (marine)","Production de l'aquaculture (marine)","Producción de acuicultura (marina)"
"4","CAPTURE","Capture production","Captures","Capturas"
